Input to summarize,summarized text,timestamp
"'Types of Article:
There are two types of article. And those are:

Indefinite article.
Definite article.
Indefinite Article:
‘A’ and ‘An’ are indefinite article.

‘A’ and ‘An’ signal that the noun modified is indefinite, referring to any number of a group. For example,

“My daughter really wants a dog for Christmas”. This refers to any dog. We don’t know which dog because we haven’t found the dog yet.
“When I was at the zoo, I saw an elephant?” There are probably several elephants at the zoo, but there is only one, we are talking about here.
Remember one thing, using ‘a’ or ‘an’ depends on the sound that begins the next word. So…

‘A’ + Singular noun is beginning with a consonant.
For example, A zoo, A car, A bus, A bike, A tree.

‘An’ + Singular noun beginning with a vowel [External Link].
For example, An elephant, An egg, An orphan.

‘A’ + Singular noun beginning with a consonant sound. A user (sounds like yoo-zer, begins with a consonant ‘y’ sound, so ‘a’ is used), for example, a university, a school, a bicycle.
‘An’ + nouns starting with silent ‘h’, for example, an hour.
‘A ‘+ nouns starting with a pronounced ‘h’, for example, a horse.
Another case where this rule applies is when acronyms start with consonant [External Link] letters but have vowel sounds.
For example, An MSDS (material safety data sheet) was used to record data.

If the noun is modified by an adjective, the choice between ‘a’ and ‘an’ depends on the initial sound of the adjective that immediately follows the article.
For example, A broken egg, An unusual problem.

Remember, that in English, indefinite articles are used to indicate membership in a group.
I am a student (Here I am a member of a large group known as teachers).

RELATED:  Active and Passive Voice Notes [PDF]
John is an Englishman (Here John is a member of the people known as English).

Definite Article:
‘The’ is definite article.

The definite article is used before singular and plural nouns when the noun is specific.

For example,

The dog that bit me ran away.","Indefinite article is used before singular and plural nouns when the noun is specific . In English, indefinite articles are used to indicate membership in a group . For example, A zoo, A car, A bus, A bike, A tree, An elephant, An egg, An orphan .",2026-02-15 13:13:18.768309
